{
    "52.277019, 10.541036->52.284726, 10.548717": 1.4801,
    "52.284726, 10.548717->52.277019, 10.541036": 1.4801,
    "52.277019, 10.541036->52.4712083, 10.7219341": 36.001400000000004,
    "52.4712083, 10.7219341->52.277019, 10.541036": 36.001400000000004,
    "52.284726, 10.548717->50.109986, 8.671996": 341.10159999999996,
    "50.109986, 8.671996->52.284726, 10.548717": 341.10159999999996,
    "50.109986, 8.671996->49.9886157, 8.0364232": 61.5923,
    "49.9886157, 8.0364232->50.109986, 8.671996": 61.5923,
    "file_version": "2022-12-20-11"
}