{
    "52.277019, 10.541036->52.284726, 10.548717": 1.4823,
    "52.284726, 10.548717->52.277019, 10.541036": 1.4823,
    "52.277019, 10.541036->52.4712083, 10.7219341": 36.001400000000004,
    "52.4712083, 10.7219341->52.277019, 10.541036": 36.001400000000004,
    "52.284726, 10.548717->50.109986, 8.671996": 341.10159999999996,
    "50.109986, 8.671996->52.284726, 10.548717": 341.10159999999996,
    "50.109986, 8.671996->49.9886157, 8.0364232": 61.7117,
    "49.9886157, 8.0364232->50.109986, 8.671996": 61.7117,
    "48.774089349, 9.18132975905->52.284726, 10.548717": 513.8875,
    "52.284726, 10.548717->48.774089349, 9.18132975905": 513.8875,
    "49.863323, 8.67835->52.284726, 10.548717": 370.246,
    "52.284726, 10.548717->49.863323, 8.67835": 370.246,
    "file_version": "2023-01-19-15-32-40"
}